Relatedness ,Vector, u_url , x , v_url , u , e , v 
0.20139147177624955 ; 0.07954593492124407 ; "http://dbpedia.org/resource/The_Abbott","http://dbpedia.org/ontology/wikiPageWikiLink","http://dbpedia.org/resource/Grammatical_tense" , Abbott , appeared , Question
0.15830464221475 ; 0.20009704651902147 ; "http://dbpedia.org/resource/The_Dance_Of_Death","http://dbpedia.org/ontology/wikiPageWikiLink","http://dbpedia.org/resource/Loss_(Mull_Historical_Society_album)" , Action , Hearing , Loss
0.09821707728327193 ; 0.0513583810595906 ; "http://dbpedia.org/resource/Adams_(disambiguation)","http://dbpedia.org/ontology/wikiPageWikiLink","http://dbpedia.org/resource/Official_Opposition_(New_Zealand)" , Adams , moaning , Opposition
0.37705424559489725 ; 0.3955856001206884 ; "http://dbpedia.org/resource/Tourism","http://dbpedia.org/ontology/wikiPageWikiLink","http://dbpedia.org/resource/Equality_Act_2010" , Airbnb , sued , Discrimination
0.14785091338053266 ; 0.2195109508086083 ; "http://dbpedia.org/resource/Alice_(movie)","http://dbpedia.org/ontology/wikiPageWikiLink","http://dbpedia.org/resource/Bob_(physics)" , Alice , loves , Bob
0.18061604065874695 ; 0.09827472762219996 ; "http://dbpedia.org/resource/Amazon_(film)","http://dbpedia.org/ontology/wikiPageWikiLink","http://dbpedia.org/resource/Association_of_Professional_Piercers" , Amazon , developing , App
0.17328795893574536 ; 0.303243277735965 ; "http://dbpedia.org/resource/Battle_of_Rock_Island_Rapids","http://dbpedia.org/ontology/wikiPageWikiLink","http://dbpedia.org/resource/Overrun_brake" , America , be , Overrun
0.5621289151184391 ; 0.5212435697686281 ; "http://dbpedia.org/resource/Palace_of_the_Governors","http://www.w3.org/2000/01/rdf-schema#seeAlso","http://dbpedia.org/resource/Venezuela" , America , wants , Venezuela
0.25484540088333885 ; 0.19798044690739636 ; "http://dbpedia.org/resource/Rick_Parashar","http://dbpedia.org/ontology/wikiPageWikiLink","http://dbpedia.org/resource/Norman_boat" , Anyone , got , Norman
0.2987055334369227 ; 0.3095815335849008 ; "http://dbpedia.org/resource/List_of_participants_in_the_coronation_processions_of_King_George_VI","http://dbpedia.org/ontology/wikiPageWikiLink","http://dbpedia.org/resource/Racism" , Australia , calling , Racist
0.22359673101876082 ; 0.48069969348345076 ; "http://dbpedia.org/resource/Austrasia","http://www.w3.org/2002/07/owl#differentFrom","http://dbpedia.org/resource/Perth_(suburb)" , Australia , crackling , Perth
0.16549049737976335 ; 0.5125519816443278 ; "http://dbpedia.org/resource/List_of_participants_in_the_coronation_processions_of_King_George_VI","http://dbpedia.org/ontology/wikiPageWikiLink","http://dbpedia.org/resource/Time_management" , Australia , enacting , Program
0.21681258346724117 ; 0.21041054430257777 ; "http://dbpedia.org/resource/List_of_participants_in_the_coronation_processions_of_King_George_VI","http://dbpedia.org/ontology/wikiPageWikiLink","http://dbpedia.org/resource/Velodrome" , Australia , is , Track
0.1345793110390516 ; 0.06064947141900481 ; "http://dbpedia.org/resource/List_of_countries_by_minimum_driving_age","http://www.w3.org/2000/01/rdf-schema#seeAlso","http://dbpedia.org/resource/Economic_History_of_India" , Australia , set , India
0.2338829260530289 ; 0.14782488996462564 ; "http://dbpedia.org/resource/Antonio_Escobar","http://dbpedia.org/ontology/wikiPageWikiLink","http://dbpedia.org/resource/Rope" , Award , Winning , Anchor
0.22511792261105923 ; 0.32593311374665923 ; "http://dbpedia.org/resource/2000s_(decade)","http://dbpedia.org/ontology/wikiPageWikiLink","http://dbpedia.org/resource/HTTPS" , BBC , Sounds , Https
0.22065316208843155 ; 0.2329796914452149 ; "http://dbpedia.org/resource/Alfred_Kinsey","http://dbpedia.org/ontology/wikiPageWikiLink","http://dbpedia.org/resource/Fiona_Apple" , BBC , admit , Fiona
0.22065316208843155 ; 0.2329796914452149 ; "http://dbpedia.org/resource/Alfred_Kinsey","http://dbpedia.org/ontology/wikiPageWikiLink","http://dbpedia.org/resource/Fiona_Apple" , BBC , admits , Fiona
0.2006315610636334 ; 0.3232542777506658 ; "http://dbpedia.org/resource/An_Inspector_Calls","http://dbpedia.org/ontology/wikiPageWikiLink","http://dbpedia.org/resource/Agoraphobia" , BBC , is , Disgrace
0.25581467069873975 ; 0.3460790368938602 ; "http://dbpedia.org/resource/1920s","http://dbpedia.org/ontology/wikiPageWikiLink","http://dbpedia.org/resource/Adjective" , BBC , owning , Pussy
0.21210502833878117 ; 0.43475974042966825 ; "http://dbpedia.org/resource/Gift","http://dbpedia.org/ontology/wikiPageWikiLink","http://dbpedia.org/resource/Estate_(law)" , Baby , Is , Person
0.21423958752139013 ; 0.07374811310896763 ; "http://dbpedia.org/resource/Backstop_(disambiguation)","http://dbpedia.org/ontology/wikiPageWikiLink","http://dbpedia.org/resource/Precautionary_principle" , Backstop , violates , Principle
0.312265245358117 ; 0.47914892268547216 ; "http://dbpedia.org/resource/Music_of_Japan","http://dbpedia.org/ontology/wikiPageWikiLink","http://dbpedia.org/resource/The_Football_Association" , Banban , caught , Football
0.3284377565509694 ; 0.0836546074726286 ; "http://dbpedia.org/resource/Barnes_(disambiguation)","http://dbpedia.org/ontology/wikiPageWikiLink","http://dbpedia.org/resource/De_facto" , Barnes , calls , Australia
0.42038190047227686 ; 0.35551819919052197 ; "http://dbpedia.org/resource/Cuff","http://dbpedia.org/ontology/wikiPageWikiLink","http://dbpedia.org/resource/Manufacturing" , Bespoke , awning , Manufacture
0.16735579366706524 ; 0.4209199941641604 ; "http://dbpedia.org/resource/The_Simpsons_opening_sequence","http://dbpedia.org/ontology/wikiPageWikiLink","http://dbpedia.org/resource/The_Opportunity" , Bike , marking , Opportunity
0.17035469220312743 ; 0.044285528509482405 ; "http://dbpedia.org/resource/Bill_(disambiguation)","http://dbpedia.org/ontology/wikiPageWikiLink","http://dbpedia.org/resource/Opportunity_cost" , Bill , had , Opportunity
0.28824143550703785 ; 0.6004001266418707 ; "http://dbpedia.org/resource/1860s","http://dbpedia.org/ontology/wikiPageWikiLink","http://dbpedia.org/resource/Xenophon" , Bolivia , Supporting , Madur
0.15473645372435266 ; 0.08167496328858831 ; "http://dbpedia.org/resource/Boss_(film)","http://dbpedia.org/ontology/wikiPageWikiLink","http://dbpedia.org/resource/List_of_military_operations" , Boss , Reveals , Operation
0.22978453133425866 ; 0.06081403414003286 ; "http://dbpedia.org/resource/Boss_(film)","http://dbpedia.org/ontology/wikiPageWikiLink","http://dbpedia.org/resource/Cerebral_palsy" , Boss , becomes , Football
0.3534746416101268 ; 0.35878801951994654 ; "http://dbpedia.org/resource/Euroscepticism","http://dbpedia.org/ontology/wikiPageWikiLink","http://dbpedia.org/resource/Lie" , Brexit , giving , Liars
0.1958401942179037 ; 0.33132276139464895 ; "http://dbpedia.org/resource/2010s","http://dbpedia.org/ontology/wikiPageWikiLink","http://dbpedia.org/resource/Consent_of_the_governed" , Brexit , informed , Consent
0.16659889132408276 ; 0.2931841087307471 ; "http://dbpedia.org/resource/2010s","http://dbpedia.org/ontology/wikiPageWikiLink","http://dbpedia.org/resource/Decisions_(song)" , Brexit , is , Decision
0.18341449655321412 ; 0.3744639893997694 ; "http://dbpedia.org/resource/2010s","http://dbpedia.org/ontology/wikiPageWikiLink","http://dbpedia.org/resource/Supplementary_motor_area" , Brexit , is , Finger
0.2898096682769639 ; 0.31691269786502607 ; "http://dbpedia.org/resource/2010s","http://dbpedia.org/ontology/wikiPageWikiLink","http://dbpedia.org/resource/Table_tennis" , Brexit , is , Game
0.17970452111086535 ; 0.3411511242541387 ; "http://dbpedia.org/resource/2010s","http://dbpedia.org/ontology/wikiPageWikiLink","http://dbpedia.org/resource/Dot_product" , Brexit , is , Product
0.29096346221685426 ; 0.3962953911769314 ; "http://dbpedia.org/resource/European_bison","http://dbpedia.org/ontology/wikiPageWikiLink","http://dbpedia.org/resource/European_Commission" , Britain , has , Safety
0.24833724214640443 ; 0.3558831157298231 ; "http://dbpedia.org/resource/European_bison","http://dbpedia.org/ontology/wikiPageWikiLink","http://dbpedia.org/resource/Chaitanya_Mahaprabhu" , Britain , wins , Golden
0.21206715468221068 ; 0.5105369900703708 ; "http://dbpedia.org/resource/Women_in_Medieval_Scotland","http://dbpedia.org/ontology/wikiPageWikiLink","http://dbpedia.org/resource/HMAS_Success_(OR_304)" , Bruce , saying , Success
0.3230201021457593 ; 0.021664788664346655 ; "http://dbpedia.org/resource/University_Village_(Manhattan)","http://dbpedia.org/ontology/wikiPageWikiLink","http://dbpedia.org/resource/Tucson,_Arizona" , Brutalist , stroll , Tucson
0.24845356413659478 ; 0.3106816962121006 ; "http://dbpedia.org/resource/Mary_Cunningham_Agee","http://dbpedia.org/ontology/wikiPageWikiLink","http://dbpedia.org/resource/Diarrhea" , CEO , considers , Run
0.16937670363953794 ; 0.3687435488213911 ; "http://dbpedia.org/resource/Pritzker_Architecture_Prize","http://dbpedia.org/ontology/wikiPageWikiLink","http://dbpedia.org/resource/2600:_The_Hacker_Quarterly" , CNN , Did , Google
0.6370528563017823 ; 0.406668822996536 ; "http://dbpedia.org/resource/Georgia_(U.S._state)","http://dbpedia.org/ontology/wikiPageWikiLink","http://dbpedia.org/resource/All_for_One_(The_Screaming_Jets_album)" , CNN , Is , Better
0.18789624019207277 ; 0.4096323267301599 ; "http://dbpedia.org/resource/Pritzker_Architecture_Prize","http://dbpedia.org/ontology/wikiPageWikiLink","http://dbpedia.org/resource/Tarot" , CNN , Looking , Trump
0.32859128882577293 ; 0.2851961834295277 ; "http://dbpedia.org/resource/Bitch_(insult)","http://dbpedia.org/ontology/wikiPageWikiLink","http://dbpedia.org/resource/De_facto" , CNN , admitted , President
0.30932747930585347 ; 0.3855095936953138 ; "http://dbpedia.org/resource/Pritzker_Architecture_Prize","http://dbpedia.org/ontology/wikiPageWikiLink","http://dbpedia.org/resource/BBC_World_Service" , CNN , breaking , News
0.697300890295296 ; 0.4456264320553973 ; "http://dbpedia.org/resource/Georgia_(U.S._state)","http://dbpedia.org/ontology/wikiPageWikiLink","http://dbpedia.org/resource/Nakajima_Ki-43" , CNN , get , Oscar
0.22165990450426593 ; 0.38368847397196965 ; "http://dbpedia.org/resource/1997","http://dbpedia.org/ontology/wikiPageWikiLink","http://dbpedia.org/resource/35_mm_film" , CNN , got , Footage
0.6001026128648392 ; 0.21864065559757007 ; "http://dbpedia.org/resource/Bitch_(insult)","http://dbpedia.org/ontology/wikiPageWikiLink","http://dbpedia.org/resource/Presenter" , CNN , is , Broadcaster
0.18365202879640266 ; 0.5037041783181484 ; "http://dbpedia.org/resource/Communications_in_the_United_States","http://dbpedia.org/ontology/wikiPageWikiLink","http://dbpedia.org/resource/Carpal_tunnel_syndrome" , CNN , is , Hand
0.6846837933121259 ; 0.3910880868663032 ; "http://dbpedia.org/resource/Georgia_(U.S._state)","http://dbpedia.org/ontology/wikiPageWikiLink","http://dbpedia.org/resource/Alfred_Marshall" , CNN , mentions , Socialism
0.6620148822824427 ; 0.4251398741441695 ; "http://dbpedia.org/resource/Georgia_(U.S._state)","http://dbpedia.org/ontology/wikiPageWikiLink","http://dbpedia.org/resource/William_Folger_Nickle" , CNN , put , Nickle
0.23750781480725017 ; 0.248275967268274 ; "http://dbpedia.org/resource/In_the_Bedroom","http://dbpedia.org/ontology/wikiPageWikiLink","http://dbpedia.org/resource/16_mm_film" , CNN , sent , Camera
0.3172928715642899 ; 0.26142500835098176 ; "http://dbpedia.org/resource/Pritzker_Architecture_Prize","http://dbpedia.org/ontology/wikiPageWikiLink","http://dbpedia.org/resource/Alfred_North_Whitehead" , CNN , spins , Truth
0.29338644288086746 ; 0.04177303106820773 ; "http://dbpedia.org/resource/Campaigning","http://dbpedia.org/ontology/wikiPageWikiLink","http://dbpedia.org/resource/Paramilitary" , Campaign , Used , Major
0.1961826467615807 ; 0.3655663465328345 ; "http://dbpedia.org/resource/Canadian_electoral_system","http://dbpedia.org/ontology/wikiPageWikiLink","http://dbpedia.org/resource/Sidekick_(TV_series)" , Candidates , like , Eric
0.5727050915152629 ; 0.22606298436738323 ; "http://dbpedia.org/resource/Here_I_Am_(Yesung_album)","http://dbpedia.org/ontology/wikiPageWikiLink","http://dbpedia.org/resource/Bolivia" , Chanyeol , has , Hat
0.15377776521345138 ; 0.4527519190306666 ; "http://dbpedia.org/resource/1980s","http://dbpedia.org/ontology/wikiPageWikiLink","http://dbpedia.org/resource/Sunrise" , Cheers , chilling , Morning
0.3170492209261782 ; 0.2977722031978221 ; "http://dbpedia.org/resource/The_Red_Flag","http://dbpedia.org/ontology/wikiPageWikiLink","http://dbpedia.org/resource/FIFA" , Chelsea , investigated , Fifa
0.3756109866468965 ; 0.25781295899766876 ; "http://dbpedia.org/resource/Jinsop","http://dbpedia.org/ontology/wikiPageWikiLink","http://dbpedia.org/resource/Printing" , Christie , Writes , Book
0.48976751807273816 ; 0.28061558263033715 ; "http://dbpedia.org/resource/Jinsop","http://dbpedia.org/ontology/wikiPageWikiLink","http://dbpedia.org/resource/Ace" , Christie , says , Trump
0.19511093897701678 ; 0.3276197811821899 ; "http://dbpedia.org/resource/Swimming_World_High_School_Teams_of_the_Year","http://dbpedia.org/ontology/wikiPageWikiLink","http://dbpedia.org/resource/Grave" , Churchill , hid , Plot
0.33412820481387684 ; 0.0836546074726286 ; "http://dbpedia.org/resource/Clappers","http://dbpedia.org/ontology/wikiPageWikiLink","http://dbpedia.org/resource/De_facto" , Clapper , is , Australia
0.23176699008809262 ; 0.23277096954747536 ; "http://dbpedia.org/resource/Volume_I_(Queensberry_album)","http://dbpedia.org/ontology/wikiPageWikiLink","http://dbpedia.org/resource/Rudolf_Clausius" , Clea , bringing , Heat
0.3411434290084094 ; 0.23334718409643618 ; "http://dbpedia.org/resource/Metech_Incorporated","http://dbpedia.org/ontology/wikiPageWikiLink","http://dbpedia.org/resource/International_Covenant_on_Civil_and_Political_Rights" , Clinton , wanted , Immigration
0.17780741605408582 ; 0.22708692622934923 ; "http://dbpedia.org/resource/Metech_Incorporated","http://dbpedia.org/ontology/wikiPageWikiLink","http://dbpedia.org/resource/LETTERS" , Clinton , wrote , Letter
0.17470485884075576 ; 0.041507819615502636 ; "http://dbpedia.org/resource/Coach_(disambiguation)","http://dbpedia.org/ontology/wikiPageWikiLink","http://dbpedia.org/resource/Laser_level" , Coach , qualify , Level
0.2499746347549955 ; 0.32868542834250136 ; "http://dbpedia.org/resource/Battle_of_Cochin_(1504)","http://dbpedia.org/ontology/wikiPageWikiLink","http://dbpedia.org/resource/Riot" , Cobra , planning , Rioting
0.1608121409652649 ; 0.47815546122659836 ; "http://dbpedia.org/resource/1584","http://dbpedia.org/ontology/wikiPageWikiLink","http://dbpedia.org/resource/Fertilisation" , Colony , s , Conception
0.2913777084083803 ; 0.484864222928017 ; "http://dbpedia.org/resource/1942","http://dbpedia.org/ontology/wikiPageWikiLink","http://dbpedia.org/resource/Monarchy_of_the_United_Kingdom" , Comedian , says , BBC
0.4111900137675753 ; 0.44214464783757335 ; "http://dbpedia.org/resource/1942","http://dbpedia.org/ontology/wikiPageWikiLink","http://dbpedia.org/resource/Battle_of_Gettysburg" , Commando , finished , Home
0.25182046385668067 ; 0.30083629641625176 ; "http://dbpedia.org/resource/Creative_Commons","http://dbpedia.org/ontology/wikiPageWikiLink","http://dbpedia.org/resource/Colonial_India" , Commons , is , Pundit
0.7821324694233015 ; 0.31962058524751685 ; "http://dbpedia.org/resource/Creative_Commons","http://dbpedia.org/ontology/wikiPageWikiLink","http://dbpedia.org/resource/Pennsylvania" , Commons , supporting , People
0.23048248757938783 ; 0.5650129089753081 ; "http://dbpedia.org/resource/1970s","http://dbpedia.org/ontology/wikiPageWikiLink","http://dbpedia.org/resource/Skull" , Communities , hold , Joint
0.6416574585265432 ; 0.24250192761390518 ; "http://dbpedia.org/resource/Governor","http://dbpedia.org/ontology/wikiPageWikiLink","http://dbpedia.org/resource/Driving_under_the_influence" , Connecticut , getting , DUI
0.16273246542060527 ; 0.3277335379189824 ; "http://dbpedia.org/resource/Skyzoo","http://dbpedia.org/ontology/wikiPageWikiLink","http://dbpedia.org/resource/Tech_N9ne" , Cortez , calls , Tech
0.15916690634431505 ; 0.43932145082775614 ; "http://dbpedia.org/resource/1896","http://dbpedia.org/ontology/wikiPageWikiLink","http://dbpedia.org/resource/Time_management" , Cricket , enacting , Program
0.40632362329820754 ; 0.19511912372263499 ; "http://dbpedia.org/resource/Cricket","http://www.w3.org/2000/01/rdf-schema#seeAlso","http://dbpedia.org/resource/Electronic_game" , Cricket , is , Game
0.17894562118494706 ; 0.43556313994026225 ; "http://dbpedia.org/resource/17th_century","http://dbpedia.org/ontology/wikiPageWikiLink","http://dbpedia.org/resource/Microcosm_(hypermedia_system)" , Cricket , is , Microcosm
0.29839059671966905 ; 0.03941783444560831 ; "http://dbpedia.org/resource/DID_(disambiguation)","http://dbpedia.org/ontology/wikiPageWikiLink","http://dbpedia.org/resource/Henry_Fielding" , DID , MAKE , Fun
0.16913164837753886 ; 0.044871212292206177 ; "http://dbpedia.org/resource/Davidson_(disambiguation)","http://dbpedia.org/ontology/wikiPageWikiLink","http://dbpedia.org/resource/Sweater" , Davidson , has , Jacket
0.2351475084342281 ; 0.27924027806807933 ; "http://dbpedia.org/resource/Week","http://dbpedia.org/ontology/wikiPageWikiLink","http://dbpedia.org/resource/Classical_unities" , Day , takes , Place
0.34471414993349025 ; 0.4434541796403321 ; "http://dbpedia.org/resource/Metric_time","http://dbpedia.org/ontology/wikiPageWikiLink","http://dbpedia.org/resource/Leg_break" , Day , were , Cricket
0.7059239890420164 ; 0.0726345717858941 ; "http://dbpedia.org/resource/1000","http://dbpedia.org/ontology/wikiPageWikiLink","http://dbpedia.org/resource/Airport" , Denmark , builds , Border
0.7044778848681553 ; 0.4953560189460753 ; "http://dbpedia.org/resource/Denmark","http://www.w3.org/2000/01/rdf-schema#seeAlso","http://dbpedia.org/resource/History_of_architecture" , Denmark , starts , Building
0.15567213256342072 ; 0.5747306815975147 ; "http://dbpedia.org/resource/1923","http://dbpedia.org/ontology/wikiPageWikiLink","http://dbpedia.org/resource/Angle_(astrology)" , Dictatorship , is , Ascendant
0.16913164837753886 ; 0.08610221902249195 ; "http://dbpedia.org/resource/Divider","http://dbpedia.org/ontology/wikiPageWikiLink","http://dbpedia.org/resource/Serum_(blood)" , Division , consisted , Concentration
0.2394237848165 ; 0.2798970092174886 ; "http://dbpedia.org/resource/Big_Four_(tennis)","http://dbpedia.org/ontology/wikiPageWikiLink","http://dbpedia.org/resource/Hurricane_Rafael" , Djokovic , crushes , Rafael
0.2832081333533539 ; 0.3765131049952541 ; "http://dbpedia.org/resource/Tongue","http://dbpedia.org/ontology/wikiPageWikiLink","http://dbpedia.org/resource/Hosiery" , Dog , Walking , Footwear
0.6212955209305762 ; 0.477189172131618 ; "http://dbpedia.org/resource/History_of_Guyana","http://dbpedia.org/ontology/wikiPageWikiLink","http://dbpedia.org/resource/Chile" , Donald , ask , Fox
0.20275519524018207 ; 0.0646122888635012 ; "http://dbpedia.org/resource/Easily_(disambiguation)","http://dbpedia.org/ontology/wikiPageWikiLink","http://dbpedia.org/resource/Deadweight_loss" , Easily , costing , Tax
0.2640474551648788 ; 0.060163684827911054 ; "http://dbpedia.org/resource/Uneasy","http://dbpedia.org/ontology/wikiPageWikiLink","http://dbpedia.org/resource/Daylight_saving_time" , Easy , win , India
0.21284054614426492 ; 0.2501670951028941 ; "http://dbpedia.org/resource/Monarchy_of_the_Netherlands","http://dbpedia.org/ontology/wikiPageWikiLink","http://dbpedia.org/resource/20_(number)" , Elba , knows , Score
0.11605491192812589 ; 0.17131228273968874 ; "http://dbpedia.org/resource/Klingspor_Abrasives","http://dbpedia.org/ontology/wikiPageWikiLink","http://dbpedia.org/resource/Coach_Canada" , Emery , is , Coach
0.19592533172546958 ; 0.04638604927924976 ; "http://dbpedia.org/resource/Klingspor_Abrasives","http://dbpedia.org/ontology/wikiPageWikiLink","http://dbpedia.org/resource/Cuckold" , Emery , is , Cuck
0.5855903688908694 ; 0.4679179046631993 ; "http://dbpedia.org/resource/11th_century","http://dbpedia.org/ontology/wikiPageWikiLink","http://dbpedia.org/resource/Newcastle_United_F.C." , England , leaving , United
0.3079387745776221 ; 0.6252259802840116 ; "http://dbpedia.org/resource/11th_century","http://dbpedia.org/ontology/wikiPageWikiLink","http://dbpedia.org/resource/British_Isles" , Europe , warns , Britain
0.1202824871020416 ; 0.030204073239272645 ; "http://dbpedia.org/resource/Excellent_(disambiguation)","http://dbpedia.org/ontology/wikiPageWikiLink","http://dbpedia.org/resource/Clinical_attachment" , Excellent , plans , Hospital
0.1731491042878402 ; 0.4750067556571117 ; "http://dbpedia.org/resource/1932","http://dbpedia.org/ontology/wikiPageWikiLink","http://dbpedia.org/resource/Detlev_Peukert" , FBI , is , Gestapo
0.20413975548462837 ; 0.34191757750072393 ; "http://dbpedia.org/resource/McCarthyism","http://dbpedia.org/ontology/wikiPageWikiLink","http://dbpedia.org/resource/Courage" , FBI , named , Gut
0.5981127899389329 ; 0.5371054991769016 ; "http://dbpedia.org/resource/1932","http://dbpedia.org/ontology/wikiPageWikiLink","http://dbpedia.org/resource/British_Army" , FBI , send , Army
0.3098905721354829 ; 0.2491102293967322 ; "http://dbpedia.org/resource/Streaming_media","http://dbpedia.org/ontology/wikiPageWikiLink","http://dbpedia.org/resource/Dialectic" , Facebook , did , Nothing
0.1388103216077562 ; 0.39910738878076046 ; "http://dbpedia.org/resource/Jon_Hurwitz","http://dbpedia.org/ontology/wikiPageWikiLink","http://dbpedia.org/resource/Jennifer_Coolidge" , Filthy , talking , MILF
0.20716650562024422 ; 0.3317697200408339 ; "http://dbpedia.org/resource/Culture_of_Portugal","http://www.w3.org/2000/01/rdf-schema#seeAlso","http://dbpedia.org/resource/Ethology" , Football , brings , Friendship
0.11024209906378778 ; 0.39908714941677353 ; "http://dbpedia.org/resource/Sport_in_the_Netherlands","http://www.w3.org/2000/01/rdf-schema#seeAlso","http://dbpedia.org/resource/Time_cycles" , Football , returning , Time
0.7518131032418219 ; 0.3829223129074766 ; "http://dbpedia.org/resource/Pyrite","http://dbpedia.org/ontology/wikiPageWikiLink","http://dbpedia.org/resource/Scotland" , Fossils , discovered , Scottish
0.22161711119873617 ; 0.3647357684077274 ; "http://dbpedia.org/resource/Friday_the_13th","http://dbpedia.org/ontology/wikiPageWikiLink","http://dbpedia.org/resource/Release_(The_Tension)" , Friday , sees , Release
0.274968467861715 ; 0.12688214561468256 ; "http://dbpedia.org/resource/Ged_(disambiguation)","http://dbpedia.org/ontology/wikiPageWikiLink","http://dbpedia.org/resource/Chronic_fatigue_syndrome" , Ged , says , Refugee
0.4788471857676904 ; 0.04177303106820773 ; "http://dbpedia.org/resource/Germain_(disambiguation)","http://dbpedia.org/ontology/wikiPageWikiLink","http://dbpedia.org/resource/Rapid_transit" , Germain , beat , Rennes
0.17550544320488953 ; 0.4367258635670128 ; "http://dbpedia.org/resource/110","http://dbpedia.org/ontology/wikiPageWikiLink","http://dbpedia.org/resource/Dirty_Paper_Cup" , Ginger , is , Celebration
0.20275519524018207 ; 0.03351173683229124 ; "http://dbpedia.org/resource/Giulianni","http://dbpedia.org/ontology/wikiPageWikiLink","http://dbpedia.org/resource/Phat_(card_game)" , Giuliani , admits , Trump
0.24197600985806403 ; 0.5559506152410619 ; "http://dbpedia.org/resource/Methuselah","http://dbpedia.org/ontology/wikiPageWikiLink","http://dbpedia.org/resource/First_Lady_of_the_United_States" , God , bless , FLOTUS
0.39451673127737613 ; 0.6086875097372655 ; "http://dbpedia.org/resource/Methuselah","http://dbpedia.org/ontology/wikiPageWikiLink","http://dbpedia.org/resource/President_of_the_United_States" , God , bless , POTUS
0.7385135297170408 ; 0.17250263658384746 ; "http://dbpedia.org/resource/323","http://dbpedia.org/ontology/wikiPageWikiLink","http://dbpedia.org/resource/United_States" , God , bless , USA
0.20885526973876178 ; 0.5131082766779722 ; "http://dbpedia.org/resource/Thomism","http://www.w3.org/2000/01/rdf-schema#seeAlso","http://dbpedia.org/resource/Language_of_the_New_Testament" , God , gave , Bible
0.28045486366275296 ; 0.5688781507930203 ; "http://dbpedia.org/resource/Dutch_colonization_of_the_Americas","http://dbpedia.org/ontology/wikiPageWikiLink","http://dbpedia.org/resource/Bamboo" , Government , squatting , House
0.3812965688312629 ; 0.17318984341374116 ; "http://dbpedia.org/resource/List_of_fighting_games","http://dbpedia.org/ontology/wikiPageWikiLink","http://dbpedia.org/resource/Legislature" , GrandPrix , starts , Mexico
0.15914976967875588 ; 0.3925877907955941 ; "http://dbpedia.org/resource/One_Country_on_Each_Side","http://dbpedia.org/ontology/wikiPageWikiLink","http://dbpedia.org/resource/Tao" , Gray , is , Way
0.2640474551648788 ; 0.060163684827911054 ; "http://dbpedia.org/resource/Graet","http://dbpedia.org/ontology/wikiPageWikiLink","http://dbpedia.org/resource/Daylight_saving_time" , Great , win , India
0.22451272648424442 ; 0.06468089807556172 ; "http://dbpedia.org/resource/Gurley_(disambiguation)","http://dbpedia.org/ontology/wikiPageWikiLink","http://dbpedia.org/resource/Patella" , Gurley , suffers , Knee
0.2071902609333546 ; 0.22377211306636322 ; "http://dbpedia.org/resource/World_Championship_of_Online_Poker","http://dbpedia.org/ontology/wikiPageWikiLink","http://dbpedia.org/resource/Open_University_of_Tanzania" , HORSE , IS , OUT
0.32757692233627556 ; 0.05176115861102433 ; "http://dbpedia.org/resource/HaHa","http://dbpedia.org/ontology/wikiPageWikiLink","http://dbpedia.org/resource/Slovak_language" , Haha , blocked , Andrea
0.37812217727321806 ; 0.27758301526239315 ; "http://dbpedia.org/resource/Intel_80186","http://dbpedia.org/ontology/wikiPageWikiLink","http://dbpedia.org/resource/United_Methodist_Church" , Harris , makes , Iowa
0.5444238403630921 ; 0.39273448263867894 ; "http://dbpedia.org/resource/Harrogate","http://www.w3.org/2000/01/rdf-schema#seeAlso","http://dbpedia.org/resource/Utah" , Harrogate , becomes , Town
0.11739293272354935 ; 0.10076828450852847 ; "http://dbpedia.org/resource/Harry_(disambiguation)","http://dbpedia.org/ontology/wikiPageWikiLink","http://dbpedia.org/resource/Play_date" , Harry , makes , Date
0.18987649713067395 ; 0.31123409812379665 ; "http://dbpedia.org/resource/1960","http://dbpedia.org/ontology/wikiPageWikiLink","http://dbpedia.org/resource/Carbonic_acid" , Havana , struck , Storm
0.3415111832250911 ; 0.29731743506133135 ; "http://dbpedia.org/resource/Seinfeld","http://dbpedia.org/ontology/wikiPageWikiLink","http://dbpedia.org/resource/Nicki_French" , Hennessy , accuses , Nicki
0.19860543543310477 ; 0.08947902138446426 ; "http://dbpedia.org/resource/Henshaw_(disambiguation)","http://dbpedia.org/ontology/wikiPageWikiLink","http://dbpedia.org/resource/Jury" , Henshaw , becomes , Judge
0.12505322933935223 ; 0.055616826876182406 ; "http://dbpedia.org/resource/Ilaria_(given_name)","http://dbpedia.org/ontology/wikiPageWikiLink","http://dbpedia.org/resource/Prime_power" , Hillary , won , Primary
0.3269354957357215 ; 0.041507819615502636 ; "http://dbpedia.org/resource/Ilaria_(given_name)","http://dbpedia.org/ontology/wikiPageWikiLink","http://dbpedia.org/resource/Pauline_epistles" , Hillary , wrote , Letter
0.2388312218722493 ; 0.3690086814609128 ; "http://dbpedia.org/resource/Sedimentary_rock","http://dbpedia.org/ontology/wikiPageWikiLink","http://dbpedia.org/resource/Drought" , House , preparing , Draft
0.16523094269879363 ; 0.09313050890725369 ; "http://dbpedia.org/resource/Hunt_(disambiguation)","http://dbpedia.org/ontology/wikiPageWikiLink","http://dbpedia.org/resource/Event_(probability_theory)" , Hunt , said , Event
0.25841606462803285 ; 0.21805790812941825 ; "http://dbpedia.org/resource/List_of_Mystery_Hunters_episodes","http://dbpedia.org/ontology/wikiPageWikiLink","http://dbpedia.org/resource/Universal_Declaration_of_Human_Rights" , Hunts , breaking , Law
0.4788471857676904 ; 0.04177303106820773 ; "http://dbpedia.org/resource/Hye_(disambiguation)","http://dbpedia.org/ontology/wikiPageWikiLink","http://dbpedia.org/resource/Rapid_transit" , Hye , walking , Tunnel
0.15445905769592017 ; 0.042657155935393716 ; "http://dbpedia.org/resource/Icc","http://dbpedia.org/ontology/wikiPageWikiLink","http://dbpedia.org/resource/Start_(cereal)" , ICC , depends , Start
0.21656731198771637 ; 0.3447846176466771 ; "http://dbpedia.org/resource/Air_traffic_control","http://dbpedia.org/ontology/wikiPageWikiLink","http://dbpedia.org/resource/Grain_boundary" , Ice , skating , Crystal
0.3405495106391301 ; 0.4588891547791024 ; "http://dbpedia.org/resource/Constitution_Party_(United_States)","http://dbpedia.org/ontology/wikiPageWikiLink","http://dbpedia.org/resource/Benjamin_Netanyahu" , Iowa , hires , CNN
0.23577800571748556 ; 0.3407599627734466 ; "http://dbpedia.org/resource/1270s","http://dbpedia.org/ontology/wikiPageWikiLink","http://dbpedia.org/resource/Amish" , Ireland , being , English
0.1645063597783891 ; 0.35741711641838053 ; "http://dbpedia.org/resource/Dublin_Duck_Dispensary","http://dbpedia.org/ontology/wikiPageWikiLink","http://dbpedia.org/resource/Accountability" , Irishman , accepting , Responsibility
0.16240079782199346 ; 0.31320988404824407 ; "http://dbpedia.org/resource/Religion_in_Kyrgyzstan","http://www.w3.org/2000/01/rdf-schema#seeAlso","http://dbpedia.org/resource/Blasphemy" , Islam , is , Sharia
0.33885626491930326 ; 0.0836546074726286 ; "http://dbpedia.org/resource/James_(disambiguation)","http://dbpedia.org/ontology/wikiPageWikiLink","http://dbpedia.org/resource/De_facto" , James , is , Australia
0.7126782985864872 ; 0.31091491031507357 ; "http://dbpedia.org/resource/1100","http://dbpedia.org/ontology/wikiPageWikiLink","http://dbpedia.org/resource/United_Kingdom" , January , urging , Britain
0.3284377565509694 ; 0.0836546074726286 ; "http://dbpedia.org/resource/Jimmy_(disambiguation)","http://dbpedia.org/ontology/wikiPageWikiLink","http://dbpedia.org/resource/De_facto" , Jimmy , calls , Australia
0.24792550191587917 ; 0.37563896840064726 ; "http://dbpedia.org/resource/2005_Seattle_Mariners_season","http://dbpedia.org/ontology/wikiPageWikiLink","http://dbpedia.org/resource/Middle_English" , Johnson , talking , Bollocks
0.2628715238782359 ; 0.31415649735789186 ; "http://dbpedia.org/resource/1380","http://dbpedia.org/ontology/wikiPageWikiLink","http://dbpedia.org/resource/Sutherland_Shire" , Jolo , is , Lockdown
0.18722228227897086 ; 0.06562651343964714 ; "http://dbpedia.org/resource/Jonny","http://dbpedia.org/ontology/wikiPageWikiLink","http://dbpedia.org/resource/Insider_trading" , Jon , accused , Cheating
0.31012651145755105 ; 0.18283389763394928 ; "http://dbpedia.org/resource/Ambika_(actress)","http://dbpedia.org/ontology/wikiPageWikiLink","http://dbpedia.org/resource/Problem_solving" , Jose , had , Problem
0.19073871200619127 ; 0.6193771759889477 ; "http://dbpedia.org/resource/1890","http://dbpedia.org/ontology/wikiPageWikiLink","http://dbpedia.org/resource/Zodiac" , KFC , ran , Chicken
0.22879255991939557 ; 0.38118829640806146 ; "http://dbpedia.org/resource/Clarence_City","http://dbpedia.org/ontology/wikiPageWikiLink","http://dbpedia.org/resource/Culling" , Kangaroos , facing , Cull
0.16756834898302078 ; 0.038052371707854804 ; "http://dbpedia.org/resource/Kate_(song)","http://dbpedia.org/ontology/wikiPageWikiLink","http://dbpedia.org/resource/Focus_(Holly_Starr_album)" , Kate , bringing , Focus
0.274968467861715 ; 0.12688214561468256 ; "http://dbpedia.org/resource/Kearney_(disambiguation)","http://dbpedia.org/ontology/wikiPageWikiLink","http://dbpedia.org/resource/Chronic_fatigue_syndrome" , Kearney , says , Refugee
0.5596672589235834 ; 0.39735070338331724 ; "http://dbpedia.org/resource/List_of_the_most_popular_names_in_the_1960s_in_the_United_States","http://dbpedia.org/ontology/wikiPageWikiLink","http://dbpedia.org/resource/Dallas" , Kevin , told , Ryan
0.17403941717193855 ; 0.29362327414062767 ; "http://dbpedia.org/resource/Vandal-resistant_switch","http://dbpedia.org/ontology/wikiPageWikiLink","http://dbpedia.org/resource/History_of_technology" , Key , Duplicating , Machine
0.26657651714569885 ; 0.2013367766520212 ; "http://dbpedia.org/resource/Gazikumukh_Khanate","http://dbpedia.org/ontology/wikiPageWikiLink","http://dbpedia.org/resource/Rent_(musical)" , Khan , is , Rent
0.3212063965454096 ; 0.5720024633699254 ; "http://dbpedia.org/resource/Backergunge_District","http://dbpedia.org/ontology/wikiPageWikiLink","http://dbpedia.org/resource/United_States_Senate" , Kumar , escaped , Trial
0.1964623900848181 ; 0.03638732147004159 ; "http://dbpedia.org/resource/Kuschner","http://dbpedia.org/ontology/wikiPageWikiLink","http://dbpedia.org/resource/Don_Flynn" , Kushner , thought , Flynn
0.13784165722618363 ; 0.043845522250791205 ; "http://dbpedia.org/resource/Kuschner","http://dbpedia.org/ontology/wikiPageWikiLink","http://dbpedia.org/resource/Dismissal_(employment)" , Kushner , thought , Firing
0.19027528860097592 ; 0.07152792127852571 ; "http://dbpedia.org/resource/Non-monetary_economy","http://dbpedia.org/ontology/wikiPageWikiLink","http://dbpedia.org/resource/Wet" , LETS , GET , WET
0.19860543543310477 ; 0.07378087622275124 ; "http://dbpedia.org/resource/Labor_(disambiguation)","http://dbpedia.org/ontology/wikiPageWikiLink","http://dbpedia.org/resource/Support_(mathematics)" , Labour , falls , Support
0.1590707067524704 ; 0.06097994371620438 ; "http://dbpedia.org/resource/Labor_(disambiguation)","http://dbpedia.org/ontology/wikiPageWikiLink","http://dbpedia.org/resource/Magnification" , Labour , were , Power
0.22978453133425866 ; 0.026653471537585263 ; "http://dbpedia.org/resource/Left_(disambiguation)","http://dbpedia.org/ontology/wikiPageWikiLink","http://dbpedia.org/resource/Banana_pepper" , Left , is , Pepper
0.6974319235848524 ; 0.3870575789032903 ; "http://dbpedia.org/resource/Universe_of_Metro_2033_(series)","http://dbpedia.org/ontology/wikiPageWikiLink","http://dbpedia.org/resource/Goalkeeper_(association_football)" , Lester , accused , Cheating
0.10797136136078021 ; 0.5510170756001649 ; "http://dbpedia.org/resource/Economy_of_Liverpool","http://www.w3.org/2000/01/rdf-schema#seeAlso","http://dbpedia.org/resource/Demography_of_Greater_Manchester" , Liverpool , beat , Manchester
0.2553080401348047 ; 0.24526965640417575 ; "http://dbpedia.org/resource/Small_talk","http://dbpedia.org/ontology/wikiPageWikiLink","http://dbpedia.org/resource/National_Guard_of_the_United_States" , Looks , like , Starc
0.31756893098342126 ; 0.27376294779338856 ; "http://dbpedia.org/resource/Wetlook","http://dbpedia.org/ontology/wikiPageWikiLink","http://dbpedia.org/resource/British_English" , Looks , like , Van
0.20490590932469932 ; 0.030043417471658024 ; "http://dbpedia.org/resource/LUE","http://dbpedia.org/ontology/wikiPageWikiLink","http://dbpedia.org/resource/Ring_(jewellery)" , Lue , won , Ring
0.641706852118906 ; 0.16522057845481017 ; "http://dbpedia.org/resource/Goody_Bag_(EP)","http://dbpedia.org/ontology/wikiPageWikiLink","http://dbpedia.org/resource/Piano" , MAMAMOO , has , Song
0.1074470080400689 ; 0.39180834929253533 ; "http://dbpedia.org/resource/Timeline_of_the_2016_Venezuelan_protests","http://dbpedia.org/ontology/wikiPageWikiLink","http://dbpedia.org/resource/Police_power_(United_States_constitutional_law)" , Maduro , keeps , Power
0.231845414233029 ; 0.2711293095645331 ; "http://dbpedia.org/resource/Vincent_Browne","http://dbpedia.org/ontology/wikiPageWikiLink","http://dbpedia.org/resource/Becoming_(Ari_Koivunen_album)" , Magill , s , Becoming
0.2601203322304232 ; 0.14226174560311083 ; "http://dbpedia.org/resource/1990s","http://dbpedia.org/ontology/wikiPageWikiLink","http://dbpedia.org/resource/News_agency" , Manchester , branding , Agency
0.2280733831386736 ; 0.1892893587583986 ; "http://dbpedia.org/resource/Marisa_Abbondanzieri","http://dbpedia.org/ontology/wikiPageWikiLink","http://dbpedia.org/resource/Interpol" , Marche , is , New
0.1877162499015945 ; 0.11630168558385287 ; "http://dbpedia.org/resource/October_26","http://dbpedia.org/ontology/wikiPageWikiLink","http://dbpedia.org/resource/Voting" , May , backs , Vote
0.5977873545543778 ; 0.5626744353564035 ; "http://dbpedia.org/resource/Gregorian_calendar","http://dbpedia.org/ontology/wikiPageWikiLink","http://dbpedia.org/resource/Saudi_Arabia" , May , pleaded , Saudi
0.14695697521076995 ; 0.2740141964228331 ; "http://dbpedia.org/resource/1100","http://dbpedia.org/ontology/wikiPageWikiLink","http://dbpedia.org/resource/Signaling_(telecommunications)" , May , sends , Signal
0.23915633317154825 ; 0.1612674696074001 ; "http://dbpedia.org/resource/Quality_of_life","http://dbpedia.org/ontology/wikiPageWikiLink","http://dbpedia.org/resource/Virtual_machine" , Mayor , was , Guest
0.32480189214795263 ; 0.03225856406437336 ; "http://dbpedia.org/resource/Mccain","http://dbpedia.org/ontology/wikiPageWikiLink","http://dbpedia.org/resource/Information" , McCain , passes , Dossier
0.20275519524018207 ; 0.03351173683229124 ; "http://dbpedia.org/resource/Mcconnell","http://dbpedia.org/ontology/wikiPageWikiLink","http://dbpedia.org/resource/Phat_(card_game)" , McConnell , calling , Trump
0.21964089366755096 ; 0.3997661770174013 ; "http://dbpedia.org/resource/Lockheed_XF-90","http://dbpedia.org/ontology/wikiPageWikiLink","http://dbpedia.org/resource/George_Maduro" , McDonnell , bringing , Maduro
0.6327154482150315 ; 0.4743379508456436 ; "http://dbpedia.org/resource/Ryszard_Stocki","http://dbpedia.org/ontology/wikiPageWikiLink","http://dbpedia.org/resource/Stockholm" , McGregor , is , Park
0.1592417171502896 ; 0.5090933109179182 ; "http://dbpedia.org/resource/Reimond_Manco","http://dbpedia.org/ontology/wikiPageWikiLink","http://dbpedia.org/resource/Roberto_Baggio" , Messi , is , Playmaker
0.4173401633646053 ; 0.3686440740876503 ; "http://dbpedia.org/resource/Winston_Churchill","http://dbpedia.org/ontology/wikiPageWikiLink","http://dbpedia.org/resource/Hippocampus" , Miss , poked , Fun
0.18225222863232837 ; 0.5131382765639649 ; "http://dbpedia.org/resource/Sunday","http://dbpedia.org/ontology/wikiPageWikiLink","http://dbpedia.org/resource/Rolling_start" , Monday , marks , Start
0.7593741043298595 ; 0.32384576708476864 ; "http://dbpedia.org/resource/Chlemoutsi","http://dbpedia.org/ontology/wikiPageWikiLink","http://dbpedia.org/resource/Film" , Morea , acting , Films
0.260274047295088 ; 0.44778737193903484 ; "http://dbpedia.org/resource/Day_of_the_Dead","http://dbpedia.org/ontology/wikiPageWikiLink","http://dbpedia.org/resource/Thou" , Morelos , is , Thee
0.7182808626450201 ; 0.3846912059129352 ; "http://dbpedia.org/resource/Morgan_LIFEcar","http://dbpedia.org/ontology/wikiPageWikiLink","http://dbpedia.org/resource/Scotland" , Morgan , calls , Scottish
0.14544326912297564 ; 0.03959905641879914 ; "http://dbpedia.org/resource/Moryson","http://dbpedia.org/ontology/wikiPageWikiLink","http://dbpedia.org/resource/List_of_hypothetical_Solar_System_objects" , Morrison , believes , Planet
0.38414835882060905 ; 0.2336077815430898 ; "http://dbpedia.org/resource/Miller_(name)","http://dbpedia.org/ontology/wikiPageWikiLink","http://dbpedia.org/resource/Corsica" , Mueller , goes , Corsi
0.545769401117723 ; 0.2694315749906608 ; "http://dbpedia.org/resource/Mesopsocus_unipunctatus","http://dbpedia.org/ontology/wikiPageWikiLink","http://dbpedia.org/resource/Barack_Obama" , Mueller , met , Obama
0.5376082447834841 ; 0.05536576213445556 ; "http://dbpedia.org/resource/Murdoch_(disambiguation)","http://dbpedia.org/ontology/wikiPageWikiLink","http://dbpedia.org/resource/Hawaii" , Murdoch , had , Billboard
0.17249838754075963 ; 0.46944079211932477 ; "http://dbpedia.org/resource/1970s","http://dbpedia.org/ontology/wikiPageWikiLink","http://dbpedia.org/resource/Embryo" , NASA , is , Man
0.3272072080088457 ; 0.2084748509017109 ; "http://dbpedia.org/resource/List_of_citizen_science_projects","http://dbpedia.org/ontology/wikiPageWikiLink","http://dbpedia.org/resource/Asteroids_in_fiction" , NASA , sent , Juno
0.17205391772688647 ; 0.287171987973999 ; "http://dbpedia.org/resource/Cardiac_output","http://dbpedia.org/ontology/wikiPageWikiLink","http://dbpedia.org/resource/Guideline" , NICE , changing , Guidelines
0.19886528501651957 ; 0.4687119326337918 ; "http://dbpedia.org/resource/Avignon_Papacy","http://dbpedia.org/ontology/wikiPageWikiLink","http://dbpedia.org/resource/Enough_Project" , Nation , Has , Enough
0.20698821384228308 ; 0.021877041276490965 ; "http://dbpedia.org/resource/18th_century","http://dbpedia.org/ontology/wikiPageWikiLink","http://dbpedia.org/resource/Driver_(disambiguation)" , Nepal , says , Pilot
0.2943121269777095 ; 0.4164622228725595 ; "http://dbpedia.org/resource/Unnao","http://dbpedia.org/ontology/wikiPageWikiLink","http://dbpedia.org/resource/Future" , Nets , start , Tomorrow
0.3757065347732917 ; 0.01838272000659118 ; "http://dbpedia.org/resource/Dateline","http://dbpedia.org/ontology/wikiPageWikiLink","http://dbpedia.org/resource/Category:International_relations" , News , is , Enemy
0.0 ; 0.9999999999999989 ; "http://dbpedia.org/resource/BBC_World_Service","http://dbpedia.org/ontology/wikiPageWikiLink","http://dbpedia.org/resource/BBC_World_Service" , News , is , News
0.25887903289233244 ; 0.28274925006737994 ; "http://dbpedia.org/resource/Chris_Rock:_Bring_the_Pain","http://dbpedia.org/ontology/wikiPageWikiLink","http://dbpedia.org/resource/The_Football_Association" , Niggas , play , Football
0.24961009605658144 ; 0.36194334027570596 ; "http://dbpedia.org/resource/Gath-hepher","http://dbpedia.org/ontology/wikiPageWikiLink","http://dbpedia.org/resource/Megamind" , North , met , Titan
0.41951979644435056 ; 0.0442855285094824 ; "http://dbpedia.org/resource/ODI_(disambiguation)","http://dbpedia.org/ontology/wikiPageWikiLink","http://dbpedia.org/resource/Eucalyptus" , ODI , matches , Pakistan
0.33221987539941056 ; 0.5179654775940927 ; "http://dbpedia.org/resource/Mitch_McConnell","http://dbpedia.org/ontology/wikiPageWikiLink","http://dbpedia.org/resource/Communist_party" , Obama , let , Russia
0.38109796219667913 ; 0.47217244999618824 ; "http://dbpedia.org/resource/Mitch_McConnell","http://dbpedia.org/ontology/wikiPageWikiLink","http://dbpedia.org/resource/Ancient_history" , Obama , sent , Iran
0.6172840722077589 ; 0.4092183776192645 ; "http://dbpedia.org/resource/Perjury","http://www.w3.org/2000/01/rdf-schema#seeAlso","http://dbpedia.org/resource/Kent" , Offences , Doubled , Kent
0.18414353115213472 ; 0.18924793185966224 ; "http://dbpedia.org/resource/Aqsa_Bhatt","http://dbpedia.org/ontology/wikiPageWikiLink","http://dbpedia.org/resource/Sovereignty" , Omar , entering , Country
0.2929739189269311 ; 0.42270037901685453 ; "http://dbpedia.org/resource/Jag_Mag","http://dbpedia.org/ontology/wikiPageWikiLink","http://dbpedia.org/resource/Algonquian_languages" , Online , dating , Massachusetts
0.18151025898952505 ; 0.23873670120781876 ; "http://dbpedia.org/resource/Tonkatsu","http://dbpedia.org/ontology/wikiPageWikiLink","http://dbpedia.org/resource/Science_fiction_fandom" , Osaka , Is , Fan
0.3071972302939818 ; 0.27955353654303156 ; "http://dbpedia.org/resource/1615","http://dbpedia.org/ontology/wikiPageWikiLink","http://dbpedia.org/resource/Australians" , Osaka , wins , Australian
0.18710092531521072 ; 0.3756966461504552 ; "http://dbpedia.org/resource/1705","http://dbpedia.org/ontology/wikiPageWikiLink","http://dbpedia.org/resource/Grand_Olympic_Auditorium" , Osaka , wins , Grand
0.18660169616028588 ; 0.04540970291827105 ; "http://dbpedia.org/resource/Osborne_(disambiguation)","http://dbpedia.org/ontology/wikiPageWikiLink","http://dbpedia.org/resource/Adi_people" , Osborne , opposes , Boris
0.24297512809279043 ; 0.368462006593117 ; "http://dbpedia.org/resource/Bark_at_the_Moon","http://dbpedia.org/ontology/wikiPageWikiLink","http://dbpedia.org/resource/Catalyst_support" , Osbourne , inundated , Support
0.1551400592274054 ; 0.5402245681659495 ; "http://dbpedia.org/resource/1940s","http://dbpedia.org/ontology/wikiPageWikiLink","http://dbpedia.org/resource/Texture_(music)" , Pakistan , is , Quality
0.2103742500241952 ; 0.3830407842343694 ; "http://dbpedia.org/resource/Dionysus","http://dbpedia.org/ontology/wikiPageWikiLink","http://dbpedia.org/resource/Prize_(law)" , Panther , wins , Prize
0.7900657565537818 ; 0.3628435802879354 ; "http://dbpedia.org/resource/Dionysus","http://dbpedia.org/ontology/wikiPageWikiLink","http://dbpedia.org/resource/Japan" , Panther , won , Performance
0.19673882893543454 ; 0.029425511804459636 ; "http://dbpedia.org/resource/Boulos","http://dbpedia.org/ontology/wikiPageWikiLink","http://dbpedia.org/resource/Coccolithophore" , Paul , advised , White
0.25732033019015255 ; 0.02314920428476176 ; "http://dbpedia.org/resource/Pelosi_(disambiguation)","http://dbpedia.org/ontology/wikiPageWikiLink","http://dbpedia.org/resource/Don_Estelle" , Pelosi , broke , Donald
0.20275519524018207 ; 0.03351173683229124 ; "http://dbpedia.org/resource/Pelosi_(disambiguation)","http://dbpedia.org/ontology/wikiPageWikiLink","http://dbpedia.org/resource/Phat_(card_game)" , Pelosi , hit , Trump
0.17288228917367446 ; 0.019720597759692232 ; "http://dbpedia.org/resource/Pelosi_(disambiguation)","http://dbpedia.org/ontology/wikiPageWikiLink","http://dbpedia.org/resource/Sounds_of_the_Underground" , Pelosi , yanking , SOTU
0.22979110127832034 ; 0.4003880038784404 ; "http://dbpedia.org/resource/Smelting","http://dbpedia.org/ontology/wikiPageWikiLink","http://dbpedia.org/resource/Sales" , Pin , goes , Sale
0.2382463583696494 ; 0.29109684077667686 ; "http://dbpedia.org/resource/Ingersoll_Rand","http://dbpedia.org/ontology/wikiPageWikiLink","http://dbpedia.org/resource/9-1-1" , Plc , triggers , Emergency
0.3061434670458079 ; 0.28565622929010265 ; "http://dbpedia.org/resource/Monarchy_of_Canada","http://dbpedia.org/ontology/wikiPageWikiLink","http://dbpedia.org/resource/1703_Barry" , Police , slammed , Barry
0.17678990240909823 ; 0.26323835727815753 ; "http://dbpedia.org/resource/Clauss_Cutlery_Company","http://dbpedia.org/ontology/wikiPageWikiLink","http://dbpedia.org/resource/Lambda_Literary_Award" , Problem , being , Lammy
0.16720080036703794 ; 0.046406786365589085 ; "http://dbpedia.org/resource/Protocal","http://dbpedia.org/ontology/wikiPageWikiLink","http://dbpedia.org/resource/Action_(philosophy)" , Protocol , is , Action
0.2134763432824479 ; 0.10984800432395334 ; "http://dbpedia.org/resource/Srihari_(actor)","http://dbpedia.org/ontology/wikiPageWikiLink","http://dbpedia.org/resource/W._G._Grace" , Rayudu , barred , Bowling
0.21661786733414484 ; 0.039062731557634824 ; "http://dbpedia.org/resource/Registration_(disambiguation)","http://dbpedia.org/ontology/wikiPageWikiLink","http://dbpedia.org/resource/D-Terminal" , Register , bellow , Video
0.4435668864199835 ; 0.02570504216292581 ; "http://dbpedia.org/resource/Remain_(disambiguation)","http://dbpedia.org/ontology/wikiPageWikiLink","http://dbpedia.org/resource/Gene" , Remain , coordinated , Morning
0.2500944591754071 ; 0.03443315391234489 ; "http://dbpedia.org/resource/Remembrance_(album)","http://dbpedia.org/ontology/wikiPageWikiLink","http://dbpedia.org/resource/Meydan_Racecourse" , Remembrance , Was , Postponed
0.31049891713618155 ; 0.4325565852307021 ; "http://dbpedia.org/resource/Tide","http://dbpedia.org/ontology/wikiPageWikiLink","http://dbpedia.org/resource/The_Holocaust" , Research , marking , Holocaust
0.2170547959680229 ; 0.06826979939850121 ; "http://dbpedia.org/resource/Global_Underwater_Explorers","http://dbpedia.org/ontology/wikiPageWikiLink","http://dbpedia.org/resource/THA" , Research , shows , Tha
0.2205369627420929 ; 0.35853810454494783 ; "http://dbpedia.org/resource/Sarasvati_River","http://dbpedia.org/ontology/wikiPageWikiLink","http://dbpedia.org/resource/13_(number)" , Reuters , reported , Friday
0.2575027598679777 ; 0.40697438512966083 ; "http://dbpedia.org/resource/1_BC","http://dbpedia.org/ontology/wikiPageWikiLink","http://dbpedia.org/resource/Golden_ratio" , River , See , Beauty
0.2910083429316592 ; 0.039508133714331366 ; "http://dbpedia.org/resource/Robinson_(disambiguation)","http://dbpedia.org/ontology/wikiPageWikiLink","http://dbpedia.org/resource/John_the_Apostle" , Robinson , follows , John
0.20562426985277588 ; 0.03351173683229124 ; "http://dbpedia.org/resource/Rudy_(disambiguation)","http://dbpedia.org/ontology/wikiPageWikiLink","http://dbpedia.org/resource/Phat_(card_game)" , Rudy , admits , Trump
0.16583015075086788 ; 0.5853012192943609 ; "http://dbpedia.org/resource/Telecommunications_in_Russia","http://www.w3.org/2000/01/rdf-schema#seeAlso","http://dbpedia.org/resource/Double-skin_facade" , Russia , building , Wall
0.22510307866019222 ; 0.5522663935911141 ; "http://dbpedia.org/resource/1618","http://dbpedia.org/ontology/wikiPageWikiLink","http://dbpedia.org/resource/Seed" , Russia , get , Middle
0.1257761927564276 ; 0.4023818578224075 ; "http://dbpedia.org/resource/Telecommunications_in_Russia","http://www.w3.org/2000/01/rdf-schema#seeAlso","http://dbpedia.org/resource/History_of_democracy" , Russia , interfering , Election
0.19081143710688195 ; 0.36388358064741994 ; "http://dbpedia.org/resource/1618","http://dbpedia.org/ontology/wikiPageWikiLink","http://dbpedia.org/resource/Mad_Men_(season_6)" , Russia , is , Favor
0.2387898197270829 ; 0.428626618078261 ; "http://dbpedia.org/resource/1584","http://dbpedia.org/ontology/wikiPageWikiLink","http://dbpedia.org/resource/Universe" , Russia , risk , Order
0.23641356635364316 ; 0.2698159679260836 ; "http://dbpedia.org/resource/Orphanage","http://www.w3.org/2000/01/rdf-schema#seeAlso","http://dbpedia.org/resource/Fire_regime" , Russia , sees , Regime
0.18041940995625222 ; 0.09280257191447362 ; "http://dbpedia.org/resource/LGBT_rights_in_Azerbaijan","http://www.w3.org/2000/01/rdf-schema#seeAlso","http://dbpedia.org/resource/Medium_(disambiguation)" , Russia , used , Media
0.2138450890469298 ; 0.27695683746263444 ; "http://dbpedia.org/resource/Overseas_constituencies_of_Italian_Parliament","http://dbpedia.org/ontology/wikiPageWikiLink","http://dbpedia.org/resource/Modesty_Blaise" , Russia , used , Network
0.18041940995625222 ; 0.09280257191447362 ; "http://dbpedia.org/resource/LGBT_rights_in_Azerbaijan","http://www.w3.org/2000/01/rdf-schema#seeAlso","http://dbpedia.org/resource/Medium_(disambiguation)" , Russia , worked , Media
0.7605560694311969 ; 0.5047063199342343 ; "http://dbpedia.org/resource/Veneration_of_the_dead","http://dbpedia.org/ontology/wikiPageWikiLink","http://dbpedia.org/resource/India" , Saints , announce , Uniform
0.43430093261484015 ; 0.2040056823461488 ; "http://dbpedia.org/resource/Manufacturing","http://dbpedia.org/ontology/wikiPageWikiLink","http://dbpedia.org/resource/Resource_depletion" , Samsung , reducing , Use
0.46439264028091803 ; 0.25297966352925616 ; "http://dbpedia.org/resource/Sione_Jongstra","http://dbpedia.org/ontology/wikiPageWikiLink","http://dbpedia.org/resource/Ace" , Sater , pushed , Trump
0.2348666350912217 ; 0.4117839777241967 ; "http://dbpedia.org/resource/623","http://dbpedia.org/ontology/wikiPageWikiLink","http://dbpedia.org/resource/The_Rhythm_of_the_Saints" , Saturday , was , Proof
0.18194036954459447 ; 0.43267953823970856 ; "http://dbpedia.org/resource/Exchange_Plaza","http://dbpedia.org/ontology/wikiPageWikiLink","http://dbpedia.org/resource/Appointment_of_Catholic_bishops" , Schroders , makes , Appointment
0.44912403302003867 ; 0.05176115861102432 ; "http://dbpedia.org/resource/Sildenafil","http://dbpedia.org/ontology/wikiPageWikiLink","http://dbpedia.org/resource/Category:International_relations" , Scientist , creates , Crisis
0.28122090678250156 ; 0.030449963725856736 ; "http://dbpedia.org/resource/Serieses","http://dbpedia.org/ontology/wikiPageWikiLink","http://dbpedia.org/resource/Lakshmi" , Series , win , Sri
0.42631532172930325 ; 0.026821983880614027 ; "http://dbpedia.org/resource/Serieses","http://dbpedia.org/ontology/wikiPageWikiLink","http://dbpedia.org/resource/Cold_War" , Series , win , West
0.6106139592147904 ; 0.40213907997897236 ; "http://dbpedia.org/resource/England_national_rugby_union_team","http://www.w3.org/2000/01/rdf-schema#seeAlso","http://dbpedia.org/resource/Zimbabwe" , Series , win , Zimbabwe
0.36458345687326943 ; 0.19150048431589836 ; "http://dbpedia.org/resource/Orange_Jackets","http://dbpedia.org/ontology/wikiPageWikiLink","http://dbpedia.org/resource/Candidate" , Service , admits , Candidates
0.15692766140418374 ; 0.03158944958958251 ; "http://dbpedia.org/resource/Service_(Computing)","http://dbpedia.org/ontology/wikiPageWikiLink","http://dbpedia.org/resource/Heideggerian_terminology" , Service , provide , Care
0.22172911068603454 ; 0.3448490405508836 ; "http://dbpedia.org/resource/The_Mismeasure_of_Man","http://dbpedia.org/ontology/wikiPageWikiLink","http://dbpedia.org/resource/Adolescence" , Sex , dating , Teenage
0.7367803109346657 ; 0.1769341914006429 ; "http://dbpedia.org/resource/French_grammar","http://dbpedia.org/ontology/wikiPageWikiLink","http://dbpedia.org/resource/United_States" , Sex , dating , Usa
0.6041598610071799 ; 0.316642581911731 ; "http://dbpedia.org/resource/Shalom_Sharabi","http://dbpedia.org/ontology/wikiPageWikiLink","http://dbpedia.org/resource/Bangladesh" , Shami , was , Lunch
0.5819865928596706 ; 0.24654096140393655 ; "http://dbpedia.org/resource/Cossack_(horse)","http://dbpedia.org/ontology/wikiPageWikiLink","http://dbpedia.org/resource/Business" , Shropshire , based , Lawyer
0.6926374224585884 ; 0.3268625763754286 ; "http://dbpedia.org/resource/Lestrimelitta_limao","http://dbpedia.org/ontology/wikiPageWikiLink","http://dbpedia.org/resource/Insect" , Smith , putting , Thes
0.2958799912319486 ; 0.28613717400017635 ; "http://dbpedia.org/resource/Lung","http://dbpedia.org/ontology/wikiPageWikiLink","http://dbpedia.org/resource/Death" , Speech , Is , Dead
0.18255873596605793 ; 0.2806985473322558 ; "http://dbpedia.org/resource/Arachne","http://dbpedia.org/ontology/wikiPageWikiLink","http://dbpedia.org/resource/Pituitary_gland" , Spider , bites , Man
0.8241024097895624 ; 0.3610177881559796 ; "http://dbpedia.org/resource/Cleveland","http://www.w3.org/2000/01/rdf-schema#seeAlso","http://dbpedia.org/resource/Fiction" , Sports , were , Cricket
0.19049725700711168 ; 0.36331455522579814 ; "http://dbpedia.org/resource/Ambiorix","http://dbpedia.org/ontology/wikiPageWikiLink","http://dbpedia.org/resource/12th_century" , Starving , commentating , Tennis
0.20130103384339296 ; 0.4004109717516703 ; "http://dbpedia.org/resource/Guting_Station","http://dbpedia.org/ontology/wikiPageWikiLink","http://dbpedia.org/resource/Effervescence" , Station , dissolved , Effervescent
0.1733259947022822 ; 0.21081995098548048 ; "http://dbpedia.org/resource/Luzhou_Station","http://dbpedia.org/ontology/wikiPageWikiLink","http://dbpedia.org/resource/Vindolanda_tablets" , Station , dissolving , Tablet
0.29026655296393167 ; 0.0474701680493346 ; "http://dbpedia.org/resource/Alligator_Effigy_Mound","http://dbpedia.org/ontology/wikiPageWikiLink","http://dbpedia.org/resource/Key" , Stone , fills , KEY
0.2869319387084093 ; 0.0474701680493346 ; "http://dbpedia.org/resource/Alligator_Effigy_Mound","http://dbpedia.org/ontology/wikiPageWikiLink","http://dbpedia.org/resource/Zero_(disambiguation)" , Stone , proves , ZERO
0.5474640555897264 ; 0.05248941898941336 ; "http://dbpedia.org/resource/Stop_(song)","http://dbpedia.org/ontology/wikiPageWikiLink","http://dbpedia.org/resource/Tribe" , Stop , taking , People
0.5449700809540501 ; 0.2533281055161067 ; "http://dbpedia.org/resource/Innovation_economics","http://dbpedia.org/ontology/wikiPageWikiLink","http://dbpedia.org/resource/Music" , Street , sees , Performance
0.29617989642903864 ; 0.3870940493732948 ; "http://dbpedia.org/resource/Dan_Humphrey","http://dbpedia.org/ontology/wikiPageWikiLink","http://dbpedia.org/resource/Jeremy_Corbyn" , Student , backing , Corbyn
0.24262729106086353 ; 0.5363055598017036 ; "http://dbpedia.org/resource/1845","http://dbpedia.org/ontology/wikiPageWikiLink","http://dbpedia.org/resource/Week" , Sunday , is , Day
0.2914827617928258 ; 0.36739536935287187 ; "http://dbpedia.org/resource/15th_century","http://dbpedia.org/ontology/wikiPageWikiLink","http://dbpedia.org/resource/Mail" , Switzerland , continue , Post
0.39812813669235436 ; 0.03158944958958251 ; "http://dbpedia.org/resource/TGC_(disambiguation)","http://dbpedia.org/ontology/wikiPageWikiLink","http://dbpedia.org/resource/Management" , TGC , Dream , Team
0.6074643037329691 ; 0.30846223832832576 ; "http://dbpedia.org/resource/Weekly_Idol","http://dbpedia.org/ontology/wikiPageWikiLink","http://dbpedia.org/resource/Piano" , TWICE , has , Song
0.6315515130989547 ; 0.025605796917912343 ; "http://dbpedia.org/resource/Taper_(geometry)","http://dbpedia.org/ontology/wikiPageWikiLink","http://dbpedia.org/resource/Fish" , Taper , smells , Fishy
0.24721273049532244 ; 0.19631273521174772 ; "http://dbpedia.org/resource/Convenience_store","http://dbpedia.org/ontology/wikiPageWikiLink","http://dbpedia.org/resource/Vikings" , Teenagers , used , County
0.3023728444983154 ; 0.5061313975312667 ; "http://dbpedia.org/resource/1852","http://dbpedia.org/ontology/wikiPageWikiLink","http://dbpedia.org/resource/Cotton" , Telegraph , is , Paper
0.5635515296125724 ; 0.42912582593339754 ; "http://dbpedia.org/resource/Devasahayam_Pillai","http://dbpedia.org/ontology/wikiPageWikiLink","http://dbpedia.org/resource/Saudi_Arabia" , Theresa , pleaded , Saudi
0.2640474551648788 ; 0.060163684827911054 ; "http://dbpedia.org/resource/Today_(song)","http://dbpedia.org/ontology/wikiPageWikiLink","http://dbpedia.org/resource/Daylight_saving_time" , Today , is , Day
0.18817515761556403 ; 0.05639102256640976 ; "http://dbpedia.org/resource/Today_(song)","http://dbpedia.org/ontology/wikiPageWikiLink","http://dbpedia.org/resource/Millennium" , Today , marks , Anniversary
0.2172711713032117 ; 0.06468089807556172 ; "http://dbpedia.org/resource/Todd_(disambiguation)","http://dbpedia.org/ontology/wikiPageWikiLink","http://dbpedia.org/resource/Patella" , Todd , suffers , Knee
0.3104565851968099 ; 0.029058149156889205 ; "http://dbpedia.org/resource/Heraldic_badge","http://dbpedia.org/ontology/wikiPageWikiLink","http://dbpedia.org/resource/Ace_(disambiguation)" , Tournament , held , ACE
0.22051643214626326 ; 0.19059917000473384 ; "http://dbpedia.org/resource/Moushira_Khattab","http://dbpedia.org/ontology/wikiPageWikiLink","http://dbpedia.org/resource/Problem_solving" , Trafficking , is , Problem
0.19769292862369867 ; 0.27280685417549405 ; "http://dbpedia.org/resource/1210","http://dbpedia.org/ontology/wikiPageWikiLink","http://dbpedia.org/resource/Mark_Greene" , Tristan , was , Shit
0.6978925797772976 ; 0.02759099563656401 ; "http://dbpedia.org/resource/Trudy_(disambiguation)","http://dbpedia.org/ontology/wikiPageWikiLink","http://dbpedia.org/resource/Author" , Trudy , Loves , Alice
0.1874323882647293 ; 0.3621178140034502 ; "http://dbpedia.org/resource/Cunt","http://dbpedia.org/ontology/wikiPageWikiLink","http://dbpedia.org/resource/Fur" , Trump , Turns , Fox
0.1614353098070774 ; 0.3625564026350736 ; "http://dbpedia.org/resource/Cunt","http://dbpedia.org/ontology/wikiPageWikiLink","http://dbpedia.org/resource/Autocracy" , Trump , asking , Russia
0.1832478078889597 ; 0.4022989599849031 ; "http://dbpedia.org/resource/Cunt","http://dbpedia.org/ontology/wikiPageWikiLink","http://dbpedia.org/resource/The_Crown" , Trump , attacked , People
0.1764462258544588 ; 0.4093521047724578 ; "http://dbpedia.org/resource/Tarot","http://dbpedia.org/ontology/wikiPageWikiLink","http://dbpedia.org/resource/Human_condition" , Trump , deported , Living
0.20086129234820277 ; 0.3750008120703645 ; "http://dbpedia.org/resource/Cunt","http://dbpedia.org/ontology/wikiPageWikiLink","http://dbpedia.org/resource/Magnetic_field" , Trump , gave , Light
0.41606560887321836 ; 0.3774155263915086 ; "http://dbpedia.org/resource/Cunt","http://dbpedia.org/ontology/wikiPageWikiLink","http://dbpedia.org/resource/Computer_science" , Trump , giving , Speech
0.1874323882647293 ; 0.36124815085678874 ; "http://dbpedia.org/resource/Cunt","http://dbpedia.org/ontology/wikiPageWikiLink","http://dbpedia.org/resource/Tort" , Trump , got , Trademark
0.15246257117701242 ; 0.3945843111899904 ; "http://dbpedia.org/resource/Cunt","http://dbpedia.org/ontology/wikiPageWikiLink","http://dbpedia.org/resource/Object_(philosophy)" , Trump , has , Idea
0.36678361128067244 ; 0.24169445538157855 ; "http://dbpedia.org/resource/The_Magician_(Tarot_card)","http://dbpedia.org/ontology/wikiPageWikiLink","http://dbpedia.org/resource/Vladimir_Putin" , Trump , invites , Putin
0.14616675072581323 ; 0.454412459004559 ; "http://dbpedia.org/resource/The_Magician_(Tarot_card)","http://dbpedia.org/ontology/wikiPageWikiLink","http://dbpedia.org/resource/Handling_stolen_goods" , Trump , is , Handling
0.16491182382215883 ; 0.40606486189994023 ; "http://dbpedia.org/resource/The_Hierophant","http://dbpedia.org/ontology/wikiPageWikiLink","http://dbpedia.org/resource/Treason" , Trump , is , Treasonous
0.15456353170096113 ; 0.31341860907805774 ; "http://dbpedia.org/resource/Cunt","http://dbpedia.org/ontology/wikiPageWikiLink","http://dbpedia.org/resource/Line_(play)" , Trump , is , Line
0.7295478267428663 ; 0.36585678173703157 ; "http://dbpedia.org/resource/Cunt","http://dbpedia.org/ontology/wikiPageWikiLink","http://dbpedia.org/resource/Chicago" , Trump , is , Takin
0.14642798572446378 ; 0.08378339363988235 ; "http://dbpedia.org/resource/Tarocco_Bolognese","http://dbpedia.org/ontology/wikiPageWikiLink","http://dbpedia.org/resource/Sanction" , Trump , lifted , Sanctions
0.47522137445438273 ; 0.39327752390462395 ; "http://dbpedia.org/resource/Cunt","http://dbpedia.org/ontology/wikiPageWikiLink","http://dbpedia.org/resource/American_English" , Trump , loves , The
0.16292106927384334 ; 0.31785303051522884 ; "http://dbpedia.org/resource/Tarot","http://dbpedia.org/ontology/wikiPageWikiLink","http://dbpedia.org/resource/Christie_(TTC)" , Trump , telling , Christie
0.1874323882647293 ; 0.3621178140034502 ; "http://dbpedia.org/resource/Cunt","http://dbpedia.org/ontology/wikiPageWikiLink","http://dbpedia.org/resource/Fur" , Trump , turns , Fox
0.16330408450813366 ; 0.3236512463638879 ; "http://dbpedia.org/resource/Cunt","http://dbpedia.org/ontology/wikiPageWikiLink","http://dbpedia.org/resource/Contact_(law)" , Trump , was , Contact
0.24327002461064234 ; 0.17769234491538632 ; "http://dbpedia.org/resource/Chratze","http://dbpedia.org/ontology/wikiPageWikiLink","http://dbpedia.org/resource/Friendship" , Trump , written , Friend
0.15692766140418374 ; 0.05922613323310436 ; "http://dbpedia.org/resource/Tune_(disambiguation)","http://dbpedia.org/ontology/wikiPageWikiLink","http://dbpedia.org/resource/Test_(Unix)" , Tune , is , Test
0.32699345123138035 ; 0.2737086163101963 ; "http://dbpedia.org/resource/1270s","http://dbpedia.org/ontology/wikiPageWikiLink","http://dbpedia.org/resource/De_facto" , Turkey , opposes , Independence
0.258590714313319 ; 0.36197910448454873 ; "http://dbpedia.org/resource/The_Football_Association","http://dbpedia.org/ontology/wikiPageWikiLink","http://dbpedia.org/resource/Complex_system" , Twitter , concealed , Information
0.3340862051498656 ; 0.25079359217229225 ; "http://dbpedia.org/resource/Tax","http://dbpedia.org/ontology/wikiPageWikiLink","http://dbpedia.org/resource/Biological_determinism" , UAE , mocked , Gender
0.29310212060631835 ; 0.15607591029795204 ; "http://dbpedia.org/resource/Raven_Oak","http://dbpedia.org/ontology/wikiPageWikiLink","http://dbpedia.org/resource/National_Football_Conference" , UNT , winning , Conference
0.2726987572096405 ; 0.2868033232162868 ; "http://dbpedia.org/resource/Irina_Vysheslavska","http://dbpedia.org/ontology/wikiPageWikiLink","http://dbpedia.org/resource/Adjective" , USA , aligned , Latin
0.3523828612536512 ; 0.1919209161140873 ; "http://dbpedia.org/resource/Jeremy_Transue","http://dbpedia.org/ontology/wikiPageWikiLink","http://dbpedia.org/resource/Contestant" , USA , discriminating , Contestants
0.22361624181414888 ; 0.4203956955031602 ; "http://dbpedia.org/resource/Irina_Vysheslavska","http://dbpedia.org/ontology/wikiPageWikiLink","http://dbpedia.org/resource/Determinism" , USA , hates , Idea
0.2029755088308516 ; 0.2053811340178157 ; "http://dbpedia.org/resource/Gene_V._Glass","http://dbpedia.org/ontology/wikiPageWikiLink","http://dbpedia.org/resource/Volunteer_(botany)" , USA , is , Rogue
0.7541488363373342 ; 0.4018113817813214 ; "http://dbpedia.org/resource/New_Jersey","http://www.w3.org/2000/01/rdf-schema#seeAlso","http://dbpedia.org/resource/Parliamentary_system" , USA , put , President
0.23437431018693414 ; 0.3631654305835665 ; "http://dbpedia.org/resource/Speed_of_light","http://dbpedia.org/ontology/wikiPageWikiLink","http://dbpedia.org/resource/HTTPS" , Universe , win , Https
0.4515333316630861 ; 0.36141760580949894 ; "http://dbpedia.org/resource/Civil_liberties_in_the_United_Kingdom","http://dbpedia.org/ontology/wikiPageWikiLink","http://dbpedia.org/resource/Election" , Vote , broke , Electoral
0.30289972590343717 ; 0.5376876162872806 ; "http://dbpedia.org/resource/Vought_F-8_Crusader","http://dbpedia.org/ontology/wikiPageWikiLink","http://dbpedia.org/resource/Executive_(government)" , Washington , is , State
0.3107736556225657 ; 0.032558638571957 ; "http://dbpedia.org/resource/Watch_dog","http://dbpedia.org/ontology/wikiPageWikiLink","http://dbpedia.org/resource/Rural_district" , Watchdog , estimates , Humberside
0.1808594049178931 ; 0.23577033983032974 ; "http://dbpedia.org/resource/List_of_companies_of_Switzerland","http://dbpedia.org/ontology/wikiPageWikiLink","http://dbpedia.org/resource/Glossary_of_tennis_terms" , Wenger , took , Break
0.1927825330582007 ; 0.08694821918136368 ; "http://dbpedia.org/resource/Will_(film)","http://dbpedia.org/ontology/wikiPageWikiLink","http://dbpedia.org/resource/Community_service" , Will , Writing , Service
0.3084834772156143 ; 0.1317435145565482 ; "http://dbpedia.org/resource/History_of_the_Albania_national_football_team","http://dbpedia.org/ontology/wikiPageWikiLink","http://dbpedia.org/resource/Rights" , Xhaka , has , Right
0.26548137274585576 ; 0.029729649728299876 ; "http://dbpedia.org/resource/YEA","http://dbpedia.org/ontology/wikiPageWikiLink","http://dbpedia.org/resource/Week" , Yea , happened , Weeks
0.7223660786200551 ; 0.1324847375598839 ; "http://dbpedia.org/resource/1635","http://dbpedia.org/ontology/wikiPageWikiLink","http://dbpedia.org/resource/Politician" , Yemen , is , Scandal
0.2910083429316592 ; 0.03036733417908488 ; "http://dbpedia.org/resource/Zola_(disambiguation)","http://dbpedia.org/ontology/wikiPageWikiLink","http://dbpedia.org/resource/Coptic_language" , Zola , playing , Cop
0.7354333124129424 ; 0.1975246441624305 ; "http://dbpedia.org/resource/Airport","http://dbpedia.org/ontology/wikiPageWikiLink","http://dbpedia.org/resource/Shabbat" , Accident , happened , Week
0.1879783772496231 ; 0.0702204095941386 ; "http://dbpedia.org/resource/Accomodate","http://dbpedia.org/ontology/wikiPageWikiLink","http://dbpedia.org/resource/Developable_surface" , Accommodation , surrounded , Rolling
0.27720852926331424 ; 0.06713017986411465 ; "http://dbpedia.org/resource/Savings_account","http://purl.org/linguistics/gold/hypernym","http://dbpedia.org/resource/Homosapien" , Accounts , removed , Child
0.4804009220203334 ; 0.3489371538850082 ; "http://dbpedia.org/resource/Agoraphobia","http://dbpedia.org/ontology/wikiPageWikiLink","http://dbpedia.org/resource/Sindh" , Actor , said , Pakistan
0.14978992318808687 ; 0.46647324763989445 ; "http://dbpedia.org/resource/Transactional_analysis","http://www.w3.org/2000/01/rdf-schema#seeAlso","http://dbpedia.org/resource/Bottom_of_the_pyramid" , Adult , live , Poverty
0.16541385206256795 ; 0.041351097054237264 ; "http://dbpedia.org/resource/Linear_circuit","http://dbpedia.org/ontology/wikiPageWikiLink","http://dbpedia.org/resource/Category:Majority" , Analysis , showing , Majority
0.27160013575343783 ; 0.19804116385308487 ; "http://dbpedia.org/resource/Rick_Parashar","http://dbpedia.org/ontology/wikiPageWikiLink","http://dbpedia.org/resource/Cronus" , Anyone , crawling , Week
0.24311629603193669 ; 0.17475845867125175 ; "http://dbpedia.org/resource/Rick_Parashar","http://dbpedia.org/ontology/wikiPageWikiLink","http://dbpedia.org/resource/The_Chap" , Anyone , knows , Chap
0.15145496677610024 ; 0.22174171809126042 ; "http://dbpedia.org/resource/Rick_Parashar","http://dbpedia.org/ontology/wikiPageWikiLink","http://dbpedia.org/resource/Theodor_Bergmann" , Anyone , need , Gun
0.29033940954761855 ; 0.18407213722350874 ; "http://dbpedia.org/resource/Rick_Parashar","http://dbpedia.org/ontology/wikiPageWikiLink","http://dbpedia.org/resource/Donald_Trump" , Anyone , said , Trump
0.8702028442541815 ; 0.28641180363717456 ; "http://dbpedia.org/resource/System","http://dbpedia.org/ontology/wikiPageWikiLink","http://dbpedia.org/resource/Editing" , Assessment , leading , Editor
0.4778565678535414 ; 0.40911205071266704 ; "http://dbpedia.org/resource/Michael_Newdow","http://dbpedia.org/ontology/wikiPageWikiLink","http://dbpedia.org/resource/Ace" , Attorney , wants , Trump
0.7124226133719073 ; 0.21575295175361664 ; "http://dbpedia.org/resource/History_of_monarchy_in_Australia","http://www.w3.org/2000/01/rdf-schema#seeAlso","http://dbpedia.org/resource/List_of_sovereign_states" , Australia , is , Country
0.21210502833878117 ; 0.43475974042966825 ; "http://dbpedia.org/resource/Gift","http://dbpedia.org/ontology/wikiPageWikiLink","http://dbpedia.org/resource/Estate_(law)" , Baby , is , Person
0.1897352651100919 ; 0.09962498287043867 ; "http://dbpedia.org/resource/Backstop_(disambiguation)","http://dbpedia.org/ontology/wikiPageWikiLink","http://dbpedia.org/resource/Melanin" , Backstop , remains , Apple
0.31330481730317217 ; 0.19343015543895767 ; "http://dbpedia.org/resource/Hood_(headgear)","http://dbpedia.org/ontology/wikiPageWikiLink","http://dbpedia.org/resource/Twitter" , Bag , Follow , Retweet
0.195456040647325 ; 0.3579732689315035 ; "http://dbpedia.org/resource/Racquetball","http://dbpedia.org/ontology/wikiPageWikiLink","http://dbpedia.org/resource/Nuclear_and_radiation_accidents_and_incidents" , Ball , tampering , Incident
0.22615656753208851 ; 0.5698151155769547 ; "http://dbpedia.org/resource/Economy_of_Venezuela","http://dbpedia.org/ontology/wikiPageWikiLink","http://dbpedia.org/resource/Levellers" , Banana , seen , Level
0.1635268954471986 ; 0.47067641052789405 ; "http://dbpedia.org/resource/Indian_peers_and_baronets","http://dbpedia.org/ontology/wikiPageWikiLink","http://dbpedia.org/resource/Classical_Greece" , Barrister , throws , Book
0.22978453133425866 ; 0.06081403414003286 ; "http://dbpedia.org/resource/Base_(math)","http://dbpedia.org/ontology/wikiPageWikiLink","http://dbpedia.org/resource/Cerebral_palsy" , Base , watching , Football
0.20019905306614955 ; 0.4292526319440397 ; "http://dbpedia.org/resource/1948","http://dbpedia.org/ontology/wikiPageWikiLink","http://dbpedia.org/resource/Field_(video)" , Batsman , walking , Field
0.2771427517597224 ; 0.2674827558829255 ; "http://dbpedia.org/resource/Agawa_Canyon","http://dbpedia.org/ontology/wikiPageWikiLink","http://dbpedia.org/resource/KARE" , Bear , took , Care
0.2775177539396871 ; 0.03340168608344424 ; "http://dbpedia.org/resource/Berwick_(disambiguation)","http://dbpedia.org/ontology/wikiPageWikiLink","http://dbpedia.org/resource/Clay" , Berwick , had , Majlis
0.33686441449695315 ; 0.33122470601441056 ; "http://dbpedia.org/resource/The_Dukes_of_Hazzard","http://dbpedia.org/ontology/wikiPageWikiLink","http://dbpedia.org/resource/Cyrillic_script" , Betrayal , raises , Question
0.31250822702962605 ; 0.3245570001617295 ; "http://dbpedia.org/resource/Bias_distortion","http://dbpedia.org/ontology/wikiPageWikiLink","http://dbpedia.org/resource/Parliament" , Bias , makes , Journal
0.2538554585015432 ; 0.04957237652769 ; "http://dbpedia.org/resource/Essentialism","http://dbpedia.org/ontology/wikiPageWikiLink","http://dbpedia.org/resource/Category:Parasitism" , Biology , advanced , Parasite
0.230489980124284 ; 0.3727467302177247 ; "http://dbpedia.org/resource/10BASE2","http://dbpedia.org/ontology/wikiPageWikiLink","http://dbpedia.org/resource/Centaur" , Bit , comforted , Idea
0.20730095753583444 ; 0.3051482532335932 ; "http://dbpedia.org/resource/5ESS_Switching_System","http://dbpedia.org/ontology/wikiPageWikiLink","http://dbpedia.org/resource/Muse_(Jolin_Tsai_album)" , Bit , like , Someone
0.21502841516120205 ; 0.26534117653036093 ; "http://dbpedia.org/resource/Outline_of_painting","http://dbpedia.org/ontology/wikiPageWikiLink","http://dbpedia.org/resource/Entertainment_Software_Rating_Board" , Body , dating , Mature
0.22844349993641988 ; 0.36159710008833035 ; "http://dbpedia.org/resource/Turbonilla_kelseyi","http://dbpedia.org/ontology/wikiPageWikiLink","http://dbpedia.org/resource/Vagina" , Body , is , Woman
